,col1,col2,col3,col4,media_linhas
linha1,2.6,2.8,34.729,0.069,10.0495
linha2,0.139,1.612,1.673,5.894,2.3295000000000003
linha3,0.263,0.372,2.6,2.8,1.50875
linha4,34.729,0.069,0.139,1.612,9.137250000000002
linha5,1.673,5.894,0.263,0.372,2.0505
media_colunas,7.881,2.15,7.881,2.15,5.015499999999999
